<extension type="module" version="3.5.0" method="upgrade">
    <name>mod_dd_gmaps_module</name>
    <creationDate>06.04.2017</creationDate>
    <author>HR-IT-Solutions GmbH Florian Häusler</author>
    <authorEmail>info@hr-it-solutions.com</authorEmail>
    <authorUrl>https://www.hr-it-solutions.com</authorUrl>
    <copyright>Copyright (C) 2011 - 2019 HR-IT-Solutions GmbH</copyright>
    <license>GNU/GPLv2 only</license>
    <version>1.1.2.0</version>
    <description>MOD_DD_GMAPS_MODULE_XML_DESCRIPTION</description>

    <files>
        <filename module="mod_dd_gmaps_module">mod_dd_gmaps_module.php</filename>
        <filename>helper.php</filename>
        <folder>countries</folder>
        <folder>fields</folder>
        <folder>inc</folder>
        <folder>tmpl</folder>
    </files>
    <config>
        <fields name="params">
            <fieldset name="basic">

                <field
                        name="zoomlevel"
                        type="integer"
                        first="1"
                        last="20"
                        step="1"
                        default="4"
                        label="MOD_DD_GMAPS_MODULE_ZOOMLEVEL_LABEL"
                        description="MOD_DD_GMAPS_MODULE_ZOOMLEVEL_DESC"
                />

                <field
                        name="fullsize"
                        type="radio"
                        label="MOD_DD_GMAPS_MODULE_FULLSIZE_LABEL"
                        description="MOD_DD_GMAPS_MODULE_FULLSIZE_DESC"
                        default="0"
                        class="btn-group btn-group-yesno"
                >
                    <option value="1">JYES</option>
                    <option value="0">JNO</option>
                </field>

                <field type="spacer" name="spacer" label="&lt;hr/&gt;" />

                <field
                        name="force_map_size"
                        type="radio"
                        label="MOD_DD_GMAPS_MODULE_FORCE_MAP_SIZE_LABEL"
                        description="MOD_DD_GMAPS_MODULE_FORCE_MAP_SIZE_DESC"
                        default="0"
                        class="btn-group btn-group-yesno"
                >
                    <option value="1">JYES</option>
                    <option value="0">JNO</option>
                </field>

                <field
                        name="width"
                        type="number"
                        default="250"
                        label="MOD_DD_GMAPS_MODULE_WIDTH_LABEL"
                        description="MOD_DD_GMAPS_MODULE_WIDTH_DESC"
                />

                <field
                        name="height"
                        type="number"
                        default="250"
                        label="MOD_DD_GMAPS_MODULE_HEIGHT_LABEL"
                        description="MOD_DD_GMAPS_MODULE_HEIGHT_DESC"
                />

                <field type="spacer" name="euprivacy_spacer" label="&lt;hr/&gt;" />

                <field name="eu_privay_mode"
                       type="radio"
                       default="0"
                       label="MOD_DD_GMAPS_MODULE_GDPR_EU_PRIVAY_MODE_LABEL"
                       description="MOD_DD_GMAPS_MODULE_GDPR_EU_PRIVAY_MODE_DESC"
                       class="btn-group btn-group-yesno">
                    <option value="1">JENABLED</option>
                    <option value="0">JDISABLED</option>
                </field>

                <field name="gdpr_text"
                       type="text"
                       default=""
                       label="MOD_DD_GMAPS_MODULE_GDPR_TEXT_LABEL"
                       description="MOD_DD_GMAPS_MODULE_GDPR_TEXT_DESC"
                       filter="safehtml" />

                <field name="gdpr_cover"
                       type="media"
                       default="media/mod_dd_gmaps_module/img/gdpr_cover.png"
                       label="MOD_DD_GMAPS_MODULE_GDPR_COVER_LABEL"
                       description="MOD_DD_GMAPS_MODULE_GDPR_COVER_DESC" />

                <field
                        name="gdpr_lc"
                        type="radio"
                        default="0"
                        label="MOD_DD_GMAPS_MODULE_GDPR_LC_LABEL"
                        description="MOD_DD_GMAPS_MODULE_GDPR_LC_DESC"
                        class="btn-group btn-group-yesno">
                    <option value="0">MOD_DD_GMAPS_MODULE_OFF</option>
                    <option value="1">MOD_DD_GMAPS_MODULE_LOAD</option>
                </field>

                <field type="spacer" name="spacer_gdpr_end" label="MOD_DD_GMAPS_MODULE_GDPR_LC_SPACER" />

            </fieldset>

            <!-- Default Address -->
            <fieldset name="default_address"
                      label="MOD_DD_GMAPS_MODULE_DEFAULT_ADDRESS_LABEL"
                      description="MOD_DD_GMAPS_MODULE_DEFAULT_ADDRESS_DESC"
            >

                <field name="location_name"
                       type="text"
                       class="inputbox"
                       size="40"
                       label="MOD_DD_GMAPS_MODULE_LOCATION_NAME_LABEL"
                       description="MOD_DD_GMAPS_MODULE_LOCATION_NAME_DESC"
                />

                <field
                        name="set_as_default_position"
                        type="list"
                        label="MOD_DD_GMAPS_MODULE_SET_AS_DEFAULT_POSITION_LABEL"
                        description="MOD_DD_GMAPS_MODULE_SET_AS_DEFAULT_POSITION_DESC"
                        default="0"
                >
                    <option value="1">JYES</option>
                    <option value="0">JNO</option>
                </field>

                <field name="street"
                       type="text"
                       class="inputbox"
                       size="40"
                       label="MOD_DD_GMAPS_MODULE_STREET_LABEL"
                       description="MOD_DD_GMAPS_MODULE_STREET_DESC"
                       required="true"
                />

                <field name="location"
                       type="text"
                       class="inputbox"
                       size="40"
                       label="MOD_DD_GMAPS_MODULE_LOCATION_LABEL"
                       description="MOD_DD_GMAPS_MODULE_LOCATION_DESC"
                       required="true"
                />

                <field name="zip"
                       type="text"
                       class="inputbox"
                       size="40"
                       label="MOD_DD_GMAPS_MODULE_ZIP_LABEL"
                       description="MOD_DD_GMAPS_MODULE_ZIP_DESC"
                       required="true"
                />

                <fieldset addfieldpath="/modules/mod_dd_gmaps_module/fields">
                    <field name="country" type="country" label="MOD_DD_GMAPS_MODULE_COUNTRY_LABEL"
                           description="MOD_DD_GMAPS_MODULE_COUNTRY_DESC"
                           required="true">
                        <option value="">MOD_DD_GMAPS_MODULE_COUNTRY_SELECT</option>
                    </field>
                </fieldset>

                <field name="federalstate"
                       type="text"
                       class="inputbox"
                       size="40"
                       label="MOD_DD_GMAPS_MODULE_FEDERALSTATE_LABEL"
                       description="MOD_DD_GMAPS_MODULE_FEDERALSTATE_DESC"/>

                <field name="latitude"
                       type="text"
                       default="48.0000000"
                       label="MOD_DD_GMAPS_MODULE_LATITUDE_LABEL"
                       readonly="true"
                       class="readonly"
                       description="MOD_DD_GMAPS_MODULE_LATITUDE_DESC"
                />

                <field name="longitude"
                       type="text"
                       default="2.0000000"
                       label="MOD_DD_GMAPS_MODULE_LONGITUDE_LABEL"
                       readonly="true"
                       class="readonly"
                       description="MOD_DD_GMAPS_MODULE_LONGITUDE_DESC"
                />

                <field type="spacer" name="geohardcode_spacer" label="MOD_DD_GMAPS_MODULE_GEOHARDCODE" />

                <field
                        name="geohardcode"
                        type="radio"
                        default="0"
                        label="MOD_DD_GMAPS_MODULE_GEOHARDCODE_LABEL"
                        description="MOD_DD_GMAPS_MODULE_GEOHARDCODE_DESC"
                        class="btn-group btn-group-yesno">
                    <option value="1">JYES</option>
                    <option value="0">JNO</option>
                </field>

                <field name="latitude_hardcode"
                       type="text"
                       default="auto"
                       label="MOD_DD_GMAPS_MODULE_LATITUDE_LABEL"
                       description="MOD_DD_GMAPS_MODULE_LATITUDE_DESC"
                />

                <field name="longitude_hardcode"
                       type="text"
                       default="auto"
                       label="MOD_DD_GMAPS_MODULE_LONGITUDE_LABEL"
                       description="MOD_DD_GMAPS_MODULE_LONGITUDE_DESC"
                />

                <fieldset addfieldpath="/modules/mod_dd_gmaps_module/fields">
                    <field name="geohardcodescript" type="geohardcodescript" label="MOD_DD_GMAPS_MODULE_GEOHARDCODE_UNSET" />
                    <!-- GeoHardCode Script -->
                </fieldset>

            </fieldset>

            <!-- Google API Settings -->
            <fieldset name="google_api_settings"
                      label="MOD_DD_GMAPS_MODULE_API_SETTINGS_LABEL"
                      description="MOD_DD_GMAPS_MODULE_API_SETTINGS_DESC"
            >

                <field name="google_api_key_js_places"
                       type="text"
                       label="MOD_DD_GMAPS_MODULE_API_KEY_JS_PLACES_LABEL"
                       description="MOD_DD_GMAPS_MODULE_API_KEY_JS_PLACES_DESC"
                />

                <field name="google_api_key_geocode"
                       type="text"
                       label="MOD_DD_GMAPS_MODULE_API_KEY_GEOCODE_LABEL"
                       description="MOD_DD_GMAPS_MODULE_API_KEY_GEOCODE_DESC"
                />

            </fieldset>

            <!-- InfoWindow -->
            <fieldset name="infowindow"
                      label="MOD_DD_GMAPS_MODULE_INFOWINDOW_SETTINGS_LABEL"
                      description="MOD_DD_GMAPS_MODULE_INFOWINDOW_SETTINGS_DESC"
            >

                <field
                        name="infowindow_opendefault"
                        type="radio"
                        default="0"
                        label="MOD_DD_GMAPS_MODULE_INFOWINDOW_OPEN_LABEL"
                        description="MOD_DD_GMAPS_MODULE_INFOWINDOW_OPEN_DESC"
                        class="btn-group btn-group-yesno">
                    <option value="1">MOD_DD_GMAPS_MODULE_INFOWINDOW_OPEN_AUTOSHOW</option>
                    <option value="0">MOD_DD_GMAPS_MODULE_INFOWINDOW_OPEN_ONCLICK</option>
                </field>

                <field
                        name="zoomlevel_infowindow"
                        type="integer"
                        first="1"
                        last="20"
                        step="1"
                        default="4"
                        label="MOD_DD_GMAPS_MODULE_ZOOMLEVEL_INFOWINDOW_LABEL"
                        description="MOD_DD_GMAPS_MODULE_ZOOMLEVEL_INFOWINDOW_DESC"
                />

                <field
                        name="infowindow_defaultaddress"
                        type="radio"
                        default="1"
                        label="MOD_DD_GMAPS_MODULE_INFOWINDOW_DEFAULTADDRESS_LABEL"
                        description="MOD_DD_GMAPS_MODULE_INFOWINDOW_DEFAULTADDRESS_DESC"
                        class="btn-group btn-group-yesno">
                    <option value="1">JSHOW</option>
                    <option value="0">JHIDE</option>
                </field>

                <field name="infowindow_content"
                       type="editor"
                       label="MOD_DD_GMAPS_MODULE_INFOWINDOW_CONTENT_LABEL"
                       description="MOD_DD_GMAPS_MODULE_INFOWINDOW_CONTENT_DESC"
                       idth="300" filter="safehtml" />
                />

            </fieldset>

            <fieldset  name="addonfeatures"
                       label="MOD_DD_GMAPS_MODULE_ADDONFEATURES_LABEL"
                       description="MOD_DD_GMAPS_MODULE_ADDONFEATURES_DESC">

                <field type="spacer" name="addonfeatures" label="MOD_DD_GMAPS_MODULE_ADDON_DDGMAPS_LOCATIONS" />

                <field
                        name="extended_location"
                        type="radio"
                        default="1"
                        label="MOD_DD_GMAPS_MODULE_EXTENDED_LOCATION_LABEL"
                        description="MOD_DD_GMAPS_MODULE_EXTENDED_LOCATION_DESC"
                        class="btn-group btn-group-yesno">
                    <option value="1">Extended</option>
                    <option value="0">Single Location</option>
                </field>

                <field
                        name="only_extended_locations"
                        type="radio"
                        default="0"
                        label="MOD_DD_GMAPS_MODULE_ONLY_EXTENDED_LOCATIONS_LABEL"
                        description="MOD_DD_GMAPS_MODULE_ONLY_EXTENDED_LOCATIONS_DESC"
                        class="btn-group btn-group-yesno">
                    <option value="1">JYES</option>
                    <option value="0">JNO</option>
                </field>

                <fieldset addfieldpath="/modules/mod_dd_gmaps_module/fields">
                    <field name="locationcategory" type="locationcategory" label="MOD_DD_GMAPS_MODULE_ONLY_LOCATION_CATEGORY_LABEL"
                           description="MOD_DD_GMAPS_MODULE_ONLY_LOCATION_CATEGORY_DESC" />
                </fieldset>

                <field type="spacer" name="addonfeatures_extcid" label="MOD_DD_GMAPS_MODULE_ADDON_DDGMAPS_LOCATIONS_EXTCID" />

                <fieldset addfieldpath="/modules/mod_dd_gmaps_module/fields">
                    <field name="extcplugins" type="extcplugins" label="MOD_DD_GMAPS_MODULE_ONLY_LOCATION_EXTCID_LABEL"
                           description="MOD_DD_GMAPS_MODULE_ONLY_LOCATION_EXTCID_DESC" />
                </fieldset>

                <field type="spacer" name="addonfeatures_extcid_note" label="MOD_DD_GMAPS_MODULE_ADDON_DDGMAPS_LOCATIONS_EXTCID_NOTE" />

            </fieldset>

            <fieldset name="advanced">
                <field
                        name="layout"
                        type="modulelayout"
                        label="JFIELD_ALT_LAYOUT_LABEL"
                        description="JFIELD_ALT_MODULE_LAYOUT_DESC"
                />
            </fieldset>
        </fields>
    </config>

    <languages folder="language">
        <language tag="en-GB">en-GB/en-GB.mod_dd_gmaps_module.ini</language>
        <language tag="en-GB">en-GB/en-GB.mod_dd_gmaps_module.sys.ini</language>
        <language tag="de-DE">de-DE/de-DE.mod_dd_gmaps_module.ini</language>
        <language tag="de-DE">de-DE/de-DE.mod_dd_gmaps_module.sys.ini</language>
    </languages>

    <media destination="mod_dd_gmaps_module" folder="media">
        <folder>css</folder>
        <folder>img</folder>
        <folder>js</folder>
    </media>

    <!-- Update servers -->
    <updateservers>
        <server type="collection" priority="1" name="HR-IT-Solutions GmbH Updates">http://www.hr-it-solutions.com/jextensions/update.xml</server>
    </updateservers>
</extension>